{"lShoulderHip": [-92.52269135998257, -91.60067743468, -90.67866350937742, -89.75664958407484, -88.83463565877226, -87.91262173346968, -87.32967937835913, -86.8371561086331, -86.34463283890707, -85.85210956918105, -85.35958629945503, -83.51734186120716, -80.69348202767067, -77.8696221941342, -75.0457623605977, -72.22190252706122, -70.1885707840673, -69.51043005343206, -68.83228932279684, -68.1541485921616, -67.47600786152637, -66.75023690637089, -65.77043808710742, -64.79063926784394, -63.81084044858047, -62.831041629317, -61.85124281005353, -60.88932766010669, -59.928406047344104, -58.96748443458152, -58.00656282181894, -57.045641209056356, -55.867814052363194, -54.61252062998053, -53.35722720759787, -52.10193378521521, -50.84664036283255, -50.334367456070495, -50.49081301336698, -50.647258570663475, -50.80370412795996, -50.96014968525645, -51.06192150628111, -51.04523356538348, -51.028545624485844, -51.01185768358821, -50.99516974269058, -50.96237838224561, -50.79270795564831, -50.62303752905101, -50.45336710245372, -50.28369667585642, -50.11402624925912, -50.72342529597807, -51.42447957485186, -52.125533853725656, -52.82658813259945, -53.527642411473245, -54.38882291880401, -55.32390783926877, -56.25899275973353, -57.19407768019829, -58.129162600663044, -58.286775107365905, -57.58052937655554, -56.874283645745166, -56.1680379149348, -55.461792184124434, -55.07918669828259, -55.602773898352616, -56.12636109842265, -56.64994829849267, -57.1735354985627, -57.71856926981303, -58.64964132230893, -59.58071337480482, -60.51178542730072, -61.442857479796615, -62.373929532292514, -64.3570767988883, -66.53748816812785, -68.71789953736737, -70.89831090660688, -73.07872227584643, -75.22136229485754, -77.34196902623547, -79.46257575761335, -81.58318248899124, -83.70378922036916, -85.17034499365296, -85.73758069955736, -86.30481640546178, -86.87205211136619, -87.4392878172706, -88.05975100712254, -88.87981726177777, -89.69988351643302, -90.51994977108824, -91.34001602574348, -92.16008228039871], "lElbowlWrist": [-103.86977499421916, -102.65927446898161, -101.44877394374406, -100.23827341850651, -99.02777289326896, -97.81727236803141, -96.60677184279386, -95.39627131755631, -95.7471805775257, -96.21819828251101, -96.68921598749631, -97.16023369248163, -97.63125139746693, -98.10226910245224, -98.57328680743754, -84.76843180267198, -68.58426467961465, -52.40009755655731, -36.21593043349993, -20.0317633104426, -3.847596187385264, 12.336570935672114, 19.06883481845146, 23.223306908427723, 27.377778998403997, 31.532251088380264, 35.68672317835652, 39.84119526833279, 43.99566735830905, 45.989735281128816, 47.11964153708597, 48.24954779304312, 49.379454049000266, 50.50936030495742, 51.63926656091457, 52.769172816871716, 53.48641706936523, 53.974404653267825, 54.46239223717042, 54.950379821073014, 55.43836740497561, 55.9263549888782, 56.4143425727808, 57.35062613079152, 58.623131669383326, 59.89563720797514, 61.16814274656695, 62.440648285158765, 63.71315382375058, 64.98565936234239, 64.84657869491687, 63.29591182147405, 61.745244948031214, 60.19457807458838, 58.643911201145556, 57.09324432770272, 55.5425774542599, 54.42539037259536, 53.88617634663523, 53.346962320675104, 52.807748294714976, 52.26853426875485, 51.72932024279472, 51.19010621683459, 50.52996483267226, 49.65215420374597, 48.774343574819696, 47.896532945893405, 47.01872231696713, 46.14091168804084, 45.26310105911456, 44.37432106784636, 43.45811767072338, 42.54191427360042, 41.62571087647744, 40.70950747935448, 39.7933040822315, 38.87710068510852, 37.39021907437227, 33.81085068038736, 30.231482286402496, 26.65211389241759, 23.072745498432724, 19.493377104447813, 15.914008710462905, 10.767317362774156, -3.7833117071382, -18.333940777050383, -32.88456984696274, -47.435198916874924, -61.985827986787285, -76.53645705669963, -90.12942297976127, -91.27276799376574, -92.41611300777019, -93.55945802177466, -94.70280303577913, -95.84614804978358, -96.98949306378805, -98.1328380777925], "lKneeAnkle": [-77.93811428608069, -77.2996746704114, -76.66123505474211, -76.02279543907282, -75.38435582340354, -74.74591620773425, -74.65416651550083, -74.70820080285031, -74.76223509019981, -74.81626937754929, -74.87030366489878, -73.17605945681632, -70.21033997932882, -67.24462050184133, -64.27890102435383, -61.31318154686633, -59.222272130039116, -58.631037102915236, -58.039802075791364, -57.44856704866749, -56.85733202154361, -56.15001230227525, -54.823574224902956, -53.49713614753067, -52.170698070158366, -50.84425999278608, -49.51782191541378, -47.65371412599213, -45.75973579701217, -43.86575746803222, -41.971779139052266, -40.07780081007232, -39.26051083000097, -38.82775240311126, -38.39499397622156, -37.962235549331865, -37.52947712244216, -37.01703783955661, -36.43288578627478, -35.84873373299296, -35.264581679711135, -34.680429626429316, -34.34435969897193, -34.54580104413415, -34.747242389296375, -34.9486837344586, -35.15012507962082, -35.33168937097874, -35.344298705, -35.35690803902127, -35.36951737304254, -35.38212670706381, -35.394736041085075, -35.38682889583026, -35.376508047131196, -35.36618719843214, -35.35586634973308, -35.34554550103401, -35.763485386077726, -36.379084071310416, -36.99468275654311, -37.6102814417758, -38.22588012700848, -38.75757809263063, -39.19605303646328, -39.63452798029594, -40.0730029241286, -40.511477867961254, -41.02812687790514, -41.76366327296047, -42.499199668015805, -43.23473606307113, -43.970272458126466, -44.83078960834904, -47.94096035158193, -51.051131094814785, -54.16130183804767, -57.271472581280555, -60.38164332451344, -61.40471168853746, -62.036448356459836, -62.668185024382204, -63.29992169230457, -63.931658360226955, -66.31846857096549, -69.72907168168018, -73.13967479239481, -76.55027790310945, -79.96088101382412, -82.08922256028612, -82.4544544559007, -82.8196863515153, -83.1849182471299, -83.5501501427445, -83.8348763216907, -83.81770606313044, -83.8005358045702, -83.78336554600996, -83.7661952874497, -83.74902502888946], "plane": "left",