{"lShoulderHip": [-57.999570970080384, -58.63878981980038, -59.27800866952037, -59.917227519240356, -60.545270843809355, -60.90510156475442, -61.26493228569948, -61.62476300664454, -62.37126324582625, -67.56446294472927, -72.75766264363229, -77.95086234253532, -82.67704263490117, -83.97841394599449, -85.27978525708781, -86.58115656818113, -87.768688062841, -88.35856052122533, -88.94843297960965, -89.53830543799398, -90.01084719142976, -90.01406612507134, -90.01728505871293, -90.0205039923545, -90.01094804138444, -89.96093828914411, -89.91092853690378, -89.86091878466344, -89.4881702688915, -88.28552207546682, -87.08287388204215, -85.88022568861747, -83.87647900237734, -80.17039801890438, -76.46431703543142, -72.75823605195849, -70.07042233660052, -69.1928615423358, -68.3153007480711, -67.43773995380639, -66.39620801928194, -65.10871937436788, -63.821230729453816, -62.53374208453975, -60.94010725641859, -58.95683183148839, -56.973556406558195, -54.99028098162799, -53.8119546035782, -53.50565635964886, -53.19935811571951, -52.893059871790165, -52.7373349990307, -52.72060093042804, -52.70386686182538, -52.68713279322272, -52.43687743786061, -52.00314107147323, -51.569404705085844, -51.13566833869846, -50.833864363729454, -50.62001531637271, -50.40616626901596, -50.19231722165921, -51.358853202887595, -53.3018557626951, -55.244858322502594, -57.1878608823101, -57.4172215501683, -56.84016250416805, -56.263103458167805, -55.686044412167554, -55.42325214234923, -55.28267472993499, -55.142097317520744, -55.0015199051065, -55.353574118416894, -55.86119621353507, -56.36881830865324, -56.87644040377141, -58.08638237143166, -59.47190430722744, -60.85742624302323, -62.242948178819006, -64.44167319672313, -66.79529403979075, -69.14891488285836, -71.50253572592598, -74.71270064701166, -78.03966703328162, -81.36663341955159, -84.6935998058215, -86.12372153134855, -87.38890024289795, -88.65407895444734, -89.91925766599675, -90.49564283511943, -91.04332827330765, -91.59101371149589, -92.13869914968411], "lElbowlWrist": [54.50248196314972, 53.48900336588311, 52.475524768616495, 51.46204617134988, 50.44856757408327, 49.43508897681666, 48.39650186857051, 47.351219157396486, 46.30593644622246, 45.260653735048436, 44.215371023874404, 26.468687881490744, -3.424468301772592, -33.317624485035935, -63.210780668299265, -93.10393685156261, -111.20094986932213, -109.07600317478935, -106.95105648025658, -104.82610978572382, -102.70116309119103, -101.26247513171008, -103.48383375917206, -105.70519238663401, -107.92655101409599, -110.14790964155796, -112.36926826901993, -105.66431214568753, -98.463449647311, -91.2625871489345, -84.06172465055796, -76.86086215218145, -77.87423652604616, -81.82126692571133, -85.7682973253765, -89.71532772504167, -93.66235812470683, -84.42784468138203, -63.329941779366365, -42.232038877350604, -21.134135975334857, -0.036233073319280606, 15.524202846759046, 19.086793639306215, 22.649384431853385, 26.21197522440052, 29.774566016947688, 33.19829956519771, 35.441746536921976, 37.68519350864625, 39.928640480370504, 42.17208745209477, 44.41553442381905, 45.754440557735556, 46.9869301224982, 48.21941968726086, 49.451909252023526, 50.684398816786185, 51.936479688321384, 53.19760270144392, 54.45872571456646, 55.719848727689005, 56.98097174081153, 58.30349575266016, 59.69424309642667, 61.08499044019317, 62.47573778395967, 63.866485127726165, 64.89630038395688, 64.91550579508741, 64.93471120621793, 64.95391661734845, 64.97312202847898, 64.90885617989133, 63.3421076563767, 61.77535913286207, 60.20861060934744, 58.6418620858328, 57.07511356231816, 56.488920957508455, 56.086582587455915, 55.68424421740338, 55.28190584735085, 54.87956747729831, 53.267706689284246, 50.95029115745927, 48.632875625634334, 46.31546009380939, 43.998044561984415, 28.88116238656793, -3.834986423787136, -36.55113523414278, -69.26728404449784, -101.98343285485349, -127.47543594798692, -125.87689260154045, -124.27834925509396, -122.67980590864748, -121.08126256220098, -119.48271921575451], "lKneeAnkle": [-39.61271963557797, -42.07145990842468, -44.53020018127139, -46.98894045411811, -49.46689529022002, -52.40599964444689, -55.34510399867375, -58.28420835290062, -61.06361713956136, -62.006526899211686, -62.94943665886201, -63.89234641851234, -65.20712822956274, -69.24897175088033, -73.29081527219793, -77.33265879351552, -80.73053282880323, -80.74756706243419, -80.76460129606512, -80.78163552969608, -80.65151636960219, -79.93278363460897, -79.21405089961574, -78.49531816462253, -77.77153564202067, -77.03176212532482, -76.29198860862897, -75.5522150919331, -74.98180992705149, -74.84692338112073, -74.71203683518996, -74.57715028925921, -73.264911025793, -69.450797237564, -65.636683449335, -61.822569661106016, -59.10775531954539, -58.3472511053952, -57.586746891245014, -56.826242677094825, -55.89364105232247, -54.70289331161686, -53.51214557091126, -52.321397830205655, -50.3178892434128, -47.27995776159982, -44.24202627978685, -41.204094797973866, -39.34008617118496, -38.747827304005455, -38.155568436825945, -37.56330956964644, -36.887890328827424, -36.13570766618732, -35.38352500354722, -34.63134234090711, -34.26642436073533, -34.2057857739315, -34.14514718712767, -34.08450860032384, -34.26461288438376, -34.605212415686175, -34.945811946988584, -35.286411478291, -35.39616276351376, -35.376061910316714, -35.35596105711967, -35.33586020392262, -35.88242437672093, -36.695654444105266, -37.50888451148959, -38.32211457887392, -39.2532512719162, -40.23024054160323, -41.20722981129026, -42.18421908097729, -42.85447626105477, -43.42787067599239, -44.00126509093, -44.574659505867615, -48.42727359814165, -53.09969260974981, -57.77211162135797, -62.444530632966135, -63.400719188896666, -63.64905432469815, -63.89738946049964, -64.14572459630112, -68.64961529220352, -73.73380901902877, -78.818002745854, -83.90219647267918, -83.4559732914086, -82.52884429204272, -81.60171529267683, -80.67458629331095, -81.4222381517794, -82.23967254599093, -83.05710694020246, -83.87454133441398], "plane": "left",