{"lShoulderHip": [-75.7952718730305, -73.4803571968135, -71.16544252059649, -68.85052784437949, -66.53561316816248, -64.85219673868717, -63.800278555953554, -62.74836037321994, -61.696442190486316, -60.6445240077527, -58.03119861387871, -55.41787322000471, -52.80454782613071, -50.191222432256716, -48.44986810648908, -47.58048484882779, -46.711101591166496, -45.84171833350521, -44.97233507584392, -44.48784864000331, -44.00336220416269, -43.518875768322076, -43.03438933248145, -42.49682701947853, -41.90618882931329, -41.31555063914805, -40.72491244898281, -40.13427425881758, -39.63855431360736, -39.14283436839713, -38.64711442318691, -38.151394477976694, -37.78779224974302, -37.55630773848589, -37.32482322722877, -37.09333871597164, -36.86185420471452, -37.04133413001415, -37.22081405531378, -37.40029398061341, -37.579773905913044, -37.819923277183584, -38.12074209442503, -38.42156091166648, -38.72237972890793, -39.02319854614938, -39.33869731814167, -39.65419609013396, -39.96969486212625, -40.285193634118535, -41.37687182422551, -43.24472943244719, -45.11258704066888, -46.980444648890554, -48.84830225711223, -49.45316208522657, -50.05802191334092, -50.662881741455266, -51.26774156956961, -52.11160035878183, -53.19445810909191, -54.277315859401995, -55.36017360971208, -56.44303136002217, -58.487260172981465, -60.53148898594077, -62.57571779890009, -64.61994661185939, -66.5688275994299, -68.42236076161161, -70.27589392379333, -72.12942708597504, -73.98296024815676, -75.12759067888203, -76.27222110960729, -77.41685154033257, -78.56148197105783, -79.82202400432358, -81.19847764012981, -82.57493127593602, -83.95138491174225, -85.32783854754848, -85.99509535466338, -86.66235216177824, -87.32960896889313, -87.99686577600801, -88.3437418446226, -88.3702371747369, -88.3967325048512, -88.4232278349655, -88.4497231650798, -88.09813137668652, -87.74653958829326, -87.3949477999, -87.04335601150673, -86.50913789309946, -85.7922934446782, -85.07544899625694, -84.35860454783568, -83.64176009941443], "lElbowlWrist": [-56.99138868918981, -32.73315885171658, -8.47492901424335, 15.783300823229887, 40.04153066070311, 53.35292889917086, 55.71749553863313, 58.08206217809539, 60.44662881755765, 62.81119545701992, 63.0063188459085, 63.201442234797085, 63.39656562368567, 63.59168901257425, 63.88565159573923, 64.27845337318064, 64.67125515062203, 65.06405692806344, 65.45685870550483, 66.2981843883849, 67.13951007126497, 67.98083575414503, 68.8221614370251, 69.31400784892882, 69.45637498985619, 69.59874213078356, 69.74110927171093, 69.8834764126383, 69.92164699704269, 69.95981758144707, 69.99798816585145, 70.03615875025584, 70.06251175324334, 70.07704717481398, 70.09158259638463, 70.10611801795525, 70.1206534395259, 70.11070495481425, 70.10075647010261, 70.09080798539097, 70.08085950067932, 69.73293581657192, 69.04703693306877, 68.36113804956561, 67.67523916606245, 66.9893402825593, 66.73480780394137, 66.48027532532345, 66.22574284670551, 65.9712103680876, 65.93289901507599, 66.11080878767069, 66.28871856026541, 66.46662833286011, 66.64453810545483, 65.64939751553534, 64.65425692561584, 63.659116335696346, 62.66397574577685, 61.84950688984036, 61.21570976788687, 60.581912645933386, 59.948115523979894, 59.3143184020264, 58.75516095360124, 58.19600350517608, 57.63684605675091, 57.07768860832576, 54.34630249402467, 49.442687713847626, 44.539072933670624, 39.635458153493616, 34.731843373316615, 11.203450738148653, -12.324941897019308, -35.85333453218764, -59.3817271673556, -75.056909400854, -82.87888123268284, -90.70085306451168, -98.52282489634052, -106.34479672816937, -106.4995765405787, -106.65435635298803, -106.80913616539736, -106.96391597780669, -106.74046535422104, -106.13878429464042, -105.53710323505977, -104.93542217547913, -104.3337411158985, -104.47689279995204, -104.62004448400558, -104.76319616805911, -104.90634785211265, -104.87297461575749, -104.66307645899361, -104.45317830222973, -104.24328014546586, -104.03338198870199], "lKneeAnkle": [-72.33359377412489, -71.31928891110076, -70.30498404807662, -69.2906791850525, -68.27637432202836, -66.82493084918849, -64.93634876653289, -63.047766683877285, -61.15918460122169, -59.270602518566086, -58.28190171259841, -57.29320090663074, -56.304500100663056, -55.31579929469538, -54.49092043920369, -53.82986353418798, -53.168806629172266, -52.507749724156554, -51.84669281914084, -52.644616941002496, -53.442541062864144, -54.24046518472579, -55.03838930658744, -55.549001137317035, -55.772300676914575, -55.99560021651211, -56.21889975610965, -56.442199295707184, -56.95154672792451, -57.460894160141834, -57.970241592359166, -58.47958902457649, -58.8725401007475, -59.149094820872186, -59.42564954099687, -59.702204261121565, -59.97875898124625, -59.94397280983036, -59.909186638414475, -59.87440046699858, -59.83961429558269, -59.52020062706399, -58.916159461442504, -58.31211829582101, -57.70807713019951, -57.10403596457802, -56.981713397591214, -56.85939083060441, -56.73706826361761, -56.614745696630806, -56.55162701039759, -56.54771220491794, -56.5437973994383, -56.53988259395865, -56.535967788479006, -56.67278167962725, -56.809595570775485, -56.94640946192373, -57.08322335307197, -57.5058375114257, -58.21425193698492, -58.92266636254414, -59.63108078810336, -60.33949521366259, -60.748650806020244, -61.1578063983779, -61.56696199073556, -61.97611758309321, -63.49378913169129, -66.11997663652981, -68.74616414136831, -71.37235164620682, -73.99853915104532, -74.57864228966028, -75.15874542827522, -75.7388485668902, -76.31895170550514, -77.23657849198408, -78.49172892632697, -79.74687936066987, -81.00202979501277, -82.25718022935567, -83.10915971087364, -83.9611391923916, -84.81311867390956, -85.66509815542751, -86.10764544890955, -86.14076055435565, -86.17387565980177, -86.20699076524787, -86.24010587069398, -86.21663518391503, -86.1931644971361, -86.16969381035715, -86.14622312357821, -85.47038571404946, -84.14218158177088, -82.81397744949234, -81.48577331721378, -80.15756918493524], "plane": "left",