{"lShoulderHip": [-87.75314021496621, -88.54846328224784, -89.34378634952948, -90.13910941681111, -90.93443248409274, -91.72975555137438, -90.05647094841203, -87.72489096671795, -85.39331098502387, -83.0617310033298, -80.7301510216357, -79.41432502182946, -78.8372291906689, -78.26013335950833, -77.68303752834777, -77.1059416971872, -76.89949918015375, -77.32846234448105, -77.75742550880834, -78.18638867313564, -78.61535183746294, -78.71836296600857, -77.08296323705193, -75.44756350809529, -73.81216377913864, -72.176764050182, -70.54136432122536, -68.33601037811545, -66.09899231199701, -63.86197424587858, -61.62495617976014, -59.38793811364172, -58.338229571725506, -57.71256014559581, -57.08689071946611, -56.46122129333642, -55.835551867206725, -55.254167401045144, -54.71263939885486, -54.17111139666458, -53.62958339447429, -53.08805539228401, -52.45166314266259, -51.6097316902737, -50.767800237884806, -49.92586878549593, -49.08393733310704, -48.31708361821643, -48.1883906720612, -48.059697725905984, -47.931004779750765, -47.80231183359554, -47.67361888744032, -44.65898260911556, -41.30482358582973, -37.95066456254387, -34.59650553925802, -31.242346515972155, -31.662415454398115, -33.824435759767944, -35.98645606513777, -38.1484763705076, -40.31049667587741, -40.912701575258325, -39.781778245762624, -38.65085491626692, -37.51993158677123, -36.38900825727554, -35.36473251616751, -34.639070022544956, -33.913407528922406, -33.187745035299855, -32.462082541677304, -31.852468747305284, -33.33173153944282, -34.81099433158034, -36.29025712371787, -37.769519915855405, -39.24878270799294, -40.37715005686246, -41.439724510119255, -42.50229896337603, -43.56487341663281, -44.6274478698896, -45.344245589942275, -45.85934021562589, -46.37443484130951, -46.88952946699312, -47.40462409267674, -48.5952244289133, -50.71464511716016, -52.83406580540706, -54.95348649365392, -57.07290718190082, -58.86511007819401, -59.430246254660965, -59.99538243112793, -60.56051860759489, -61.12565478406185, -61.69079096052881], "lElbowlWrist": [-95.68091547802469, -93.88340371381543, -92.08589194960616, -90.28838018539692, -88.49086842118766, -86.6933566569784, -84.89584489276913, -83.09833312855987, -72.04053565281521, -60.27040850695242, -48.50028136108966, -36.73015421522688, -24.960027069364102, -13.189899923501343, -1.4197727776385705, 3.585707821762255, 7.463747330086078, 11.3417868384099, 15.219826346733734, 19.097865855057556, 22.975905363381376, 26.85394487170521, 29.251407974055255, 31.245077511139726, 33.238747048224205, 35.23241658530868, 37.22608612239314, 39.21975565947761, 41.213425196562085, 43.484440789177135, 45.8663948040044, 48.24834881883166, 50.630302833658924, 53.01225684848618, 55.39421086331345, 57.776164878140705, 61.183441871997964, 65.16034274309408, 69.13724361419018, 73.11414448528629, 77.0910453563824, 81.0679462274785, 85.04484709857464, 88.1252967830295, 90.53340807750345, 92.94151937197739, 95.34963066645135, 97.75774196092529, 100.16585325539926, 102.5739645498732, 100.68604649090796, 94.50209907850355, 88.31815166609915, 82.13420425369472, 75.95025684129035, 69.76630942888593, 63.58236201648157, 60.00847396279223, 59.91466505405633, 59.82085614532042, 59.72704723658452, 59.63323832784861, 59.53942941911271, 59.4456205103768, 60.63107679783447, 64.11921043844053, 67.60734407904654, 71.0954777196526, 74.58361136025863, 78.07174500086468, 81.5598786414707, 84.12117395739108, 84.3653734615973, 84.60957296580351, 84.85377247000973, 85.09797197421594, 85.34217147842216, 85.58637098262838, 85.79219975544514, 85.85733584650059, 85.92247193755604, 85.98760802861149, 86.05274411966694, 86.11788021072239, 86.18301630177784, 86.02611038902056, 84.53695245338687, 83.0477945177532, 81.55863658211953, 80.06947864648586, 78.58032071085218, 77.09116277521849, 75.81587984791105, 77.3209720288445, 78.82606420977793, 80.33115639071137, 81.83624857164483, 83.34134075257826, 84.84643293351171, 86.35152511444514], "lKneeAnkle": [-72.62854761594451, -73.81061625950964, -74.99268490307479, -76.17475354663992, -77.35682219020507, -78.5388908337702, -77.93466614168761, -76.85409656009897, -75.77352697851032, -74.69295739692167, -73.61238781533302, -72.23294468737626, -70.6361389802427, -69.03933327310914, -67.44252756597558, -65.84572185884201, -64.83173040491599, -64.81684909934573, -64.80196779377548, -64.78708648820523, -64.77220518263498, -64.66186255348481, -64.04239286524178, -63.42292317699875, -62.80345348875573, -62.183983800512706, -61.56451411226968, -59.81810692925374, -58.0090921076393, -56.200077286024865, -54.39106246441042, -52.582047642795985, -51.67767104344785, -51.09637952348055, -50.51508800351324, -49.93379648354594, -49.35250496357863, -48.59250907045102, -47.67167924147915, -46.750849412507264, -45.83001958353539, -44.90918975456351, -44.2266297715986, -44.060321121648805, -43.89401247169901, -43.7277038217492, -43.561395171799404, -43.314787122450305, -42.3856341782072, -41.456481233964084, -40.527328289720984, -39.59817534547787, -38.66902240123476, -38.47686502073136, -38.37141300066793, -38.26596098060449, -38.16050896054105, -38.05505694047761, -37.864545838267, -37.6347766981423, -37.40500755801761, -37.17523841789291, -36.94546927776822, -37.05045112305013, -37.52737850767272, -38.004305892295314, -38.481233276917905, -38.95816066154049, -39.32932861131783, -39.40437014352844, -39.479411675739044, -39.554453207949656, -39.62949474016027, -39.72734417421356, -40.23573584143519, -40.744127508656824, -41.25251917587846, -41.76091084310009, -42.26930251032172, -43.43887418190514, -44.73241710430641, -46.02596002670766, -47.3195029491089, -48.613045871510174, -49.55463044321599, -50.290905977016166, -51.02718151081632, -51.76345704461648, -52.499732578416655, -53.29426508685933, -54.16890093543549, -55.043536784011664, -55.91817263258782, -56.79280848116399, -57.70572070310154, -58.76216932514429, -59.818617947187064, -60.87506656922982, -61.931515191272595, -62.987963813315346], "plane": "left",