{"rShoulderHip": [-70.46693666129052, -66.85943530887819, -61.9343415833905, -55.34155342690274, -50.55757702661905, -46.532781916300934, -42.67683356174213, -41.824414398127715, -41.61040738206215, -40.31004184947076, -40.72596351437103, -42.25566496471434, -41.151956041892106, -41.41781789310073, -45.04211964106246, -48.94517507726918, -54.38693135162801, -63.816366244020756, -66.56297931224529, -73.63312689467739, -77.74584556254145, -78.98576557378387, -81.41107461493468, -85.01167749052186, -82.66648863987363, -76.84710070723835, -71.37438417181335, -65.22514965550779, -52.26980637948708, -42.03270532687004, -38.248105575805646, -36.47955635591291, -33.018638126507874, -27.92461682858404, -26.25572074678143, -25.984538580453926, -26.35835230292813, -28.401714890107844, -31.747436607522356, -34.43845120145834, -36.05650792572194, -42.49458372795981, -45.3814437358187, -58.71913674610399, -67.97189667342731, -75.42923187281123, -83.74311212079247, -89.91461320863237, -88.02391756811741, -78.55120706879534, -75.84527134911693, -65.99529006174606, -56.849935206558996, -47.258506151433025, -40.98472410404328, -37.33442033685547, -32.87266323855414, -30.175759284782657, -26.980929724997697, -24.416056025203464, -23.861320524158575, -23.70209899751101, -25.796140638581278, -28.32786909322395, -27.9602444546422, -25.56996815749265, -25.569311645767502, -26.658904427454985, -35.11954378981746, -43.029952333235414, -49.23374422657053, -52.933012861865144, -56.980258757053555, -67.28209600409956, -80.09734169494385, -75.3794139290824, -81.53073818895616, -77.31670804328385, -73.28228463059826, -70.69361789004026, -64.354390409484, -51.84319886827673, -36.483837352526244, -30.572710276586243, -28.67382324848709, -23.91458537780193, -21.030175208143106, -21.96927700663489, -25.089525358365737, -28.6724134631258, -33.84328317543201, -37.41772044604417, -38.676188449046656, -42.110754431399116, -46.712198676115094, -51.52357573636428, -59.06041883509458, -68.81700058884294, -74.20354007963978, -81.15813347514724], "rHipKnee": [-106.86253221233711, -121.34283556363874, -133.99823739054645, -144.22192234655898, -152.50874300331094, -160.4460782829662, -168.32409784475908, -174.7637541269144, -138.78279502626546, 179.25793852102592, 178.65644150966358, -99.13093233251942, -173.34782658824116, -167.3727437720852, -160.9086860528491, -153.38183164398353, -145.21432894396108, -135.01427050495613, -122.1038889047632, -98.99672787356992, -91.36739178340768, -88.69287794553574, -90.83513039204765, -94.26002543346162, -94.87864335210581, -94.45221059505171, -101.12425034538145, -118.26563286560744, -131.6758787009572, -145.1094467626899, -155.7239471742332, -161.2394928974156, -167.4143977413005, -55.782766988403836, 179.1172654931897, 139.1440026320959, -179.95119614061295, -172.7113415756818, -165.9567170202644, -159.3834996649355, -151.6771149793929, -143.65702010762809, -131.28392692538307, -114.7522630812923, -109.17236928822743, -101.62863107647136, -85.91710570448409, -86.23079690552937, -100.16444255335253, -108.11129682462693, -112.15487886533265, -118.63498665744008, -126.65681038891312, -136.4777117761965, -143.3719679344966, -149.8149091880801, -159.62496364566488, -161.31565855000005, -165.60846490297587, -171.9676856787091, -57.52414981979362, 177.03971252774917, 174.49053096012304, 175.19720223636207, -140.51479830705924, -174.67624543217684, -169.7676674174815, -164.90601336580767, -157.53225970296972, -148.25647193653512, -139.5445422847487, -129.66129535518817, -114.0151256222753, -96.5875355945663, -83.31691942164909, -88.7671869502999, -94.5558027767616, -94.59188708615387, -95.0992630143805, -102.74781958460393, -117.86478971311655, -133.34577322219934, -146.80961951332554, -154.13036205393385, -163.09353764070673, -170.3621665574027, -176.23834990481313, -60.291355206083736, 99.31645029505222, -179.04985029674467, -171.81066855425354, -164.2583672842923, -160.3427615303881, -152.1754786033922, -142.37809688227102, -129.00283762765366, -115.61908841846528, -108.15341053902021, -99.69488474670948, -84.10185195319616], "rShoulderrElbow": [-82.6546994295653, -102.41067614464791, -114.34940921373189, -120.85169341012184, -124.20178050782172, -126.8962990698929, -127.56832233377067, -128.7948301526575, -131.99882675408196, -134.8115131554012, -136.41356892323955, -137.4149367735764, -137.63004058630403, -134.1174541878972, -130.83455497961967, -127.73600900826385, -124.77356334334297, -121.80372172567796, -118.32329536957356, -114.97994400729097, -110.62728586456049, -101.37218498262904, -83.59738758215894, -62.335937270476336, -43.39855559076531, -37.605237765454085, -79.68921862606473, -99.56810722015943, -101.25009612466582, -101.34291833681893, -103.34230778173588, -105.80592251770717, -107.54037576342338, -107.26542253435964, -109.67232387868513, -111.18783267033497, -112.68518647052392, -114.8497094532591, -115.90314159120115, -115.63741258993844, -115.47916960382202, -116.18564220800174, -116.13283769714752, -116.52715617931248, -116.07438802988376, -114.14428038400195, -110.6043278489562, -107.46302212687061, -103.66973391071897, -99.0483917868392, -94.35474301956556, -89.47693517732228, -83.11762030770484, -76.86166391226917, -76.35980273663428, -76.1281110752206, -88.58660075272194, -105.99039172430133, -107.57158835715163, -108.57127241662732, -109.03305437643849, -109.16959010735276, -109.30521117356585, -110.36193443789365, -111.63376932329139, -111.72673299423734, -109.10334493204572, -109.96428505686922, -111.31928793278506, -111.87600626148235, -109.3916572342799, -77.90183738834469, -74.84694301171194, -84.05287535110737, -94.62758792233545, -100.1949706647391, -103.9904622083429, -106.58749114138246, -108.21471720281035, -108.69329040613505, -108.28997484150938, -108.3396096735003, -109.1219322301385, -109.92077436848831, -111.19601523595584, -112.6840103115404, -114.68631377024828, -118.29534641789112, -118.00480787728938, -116.55311964410144, -114.77878622260337, -113.5487252629511, -110.53390932767792, -105.64192686609209, -98.89673650845656, -90.33810374636586, -76.46192481797631, -55.21780961531581, -33.16293995257497, -17.92736466492338], "plane": "right",